Folder ID,Event ID,motif_index,motif
B,MEreverse14075,34,GCCTG
B,MEforward19438,34,CCCTG
B,MEforward19439,34,ACCTG
B,MEforward19436,34,CCCTG
B,MEforward19437,34,CCCTG
B,MEforward19434,34,GCCTG
B,MEforward19435,16,CCCTG
B,MEforward19432,34,GCCTG
B,MEforward19433,34,ACCTG
B,MEforward19430,34,GCCTG
B,MEforward19431,34,CCCTG
B,MEreverse12896,34,ACCTG
B,MEforward14239,34,ACCTG
B,MEforward14238,34,GCCTG
B,MEforward11609,0,CAGCC
B,MEforward11608,34,CCCTG
B,MEreverse12897,8,GCCTG
B,MEforward14233,34,GCCTG
B,MEforward14232,34,GCCTG
B,MEforward14231,17,ACGCG
B,MEforward14230,14,CCCTG
B,MEforward11601,1,ACCTG
B,MEforward11600,34,ACCTG
B,MEforward11603,34,GCCTG
B,MEforward11602,34,CCCTG
B,MEforward18529,4,CCGTG
B,MEforward18528,34,CCCTG
B,MEforward18523,34,CCCTG
B,MEforward18522,34,ACCTG
B,MEforward18521,34,CCCTG
B,MEforward18520,34,GCCTG
B,MEforward18527,28,ACCTG
B,MEforward18526,34,ACCTG
B,MEforward18525,34,GCCTG
B,MEforward18524,34,ACCTG
B,MEreverse11736,34,GCCTG
B,MEreverse11737,34,GCCTG
B,MEreverse11734,23,ACCCG
B,MEreverse11735,34,ACCTG
B,MEreverse11732,34,CCCTG
